Development Category,PM2.5 (μg/m³),PM10 (μg/m³),NO2 (ppb)
airport,33.55796120032538,65.816609274374,41.878053733699986
bridge,30.534395600539938,49.75152293853874,19.244171828595572
factory,56.411089403615435,77.54222097123895,49.93888009815593
housing,30.62355121807663,50.14446418296287,20.52409604185145
residential housing,31.145232902347278,49.450705091811834,20.940219239796154
road construction,39.87060101845109,66.82934749792061,25.206772583212437
