Development Category,Density (projects/km²),Pollution Index,ratio
airport,5.2661223803518125,15.798367141055438,0.3333333333333333
bridge,5.169648693743201,2.5848243468716006,2.0
factory,4.992655299417363,24.963276497086813,0.2
housing,5.062770113679704,10.125540227359409,0.5
residential housing,4.836325527038031,12.090813817595079,0.4
road construction,5.127144298463214,7.69071644769482,0.6666666666666666
